Timestamp (s),RR Interval (ms),Event
0.809,604.492,
0.809,629.883,
1.843,583.008,
1.843,594.727,
2.833,606.445,
3.823,598.633,
3.823,575.195,
4.813,587.891,
4.813,613.281,
5.848,596.680,
6.854,594.727,
6.854,641.602,
7.828,675.781,
8.818,691.406,
8.818,625.977,
9.809,633.789,
10.842,650.391,
10.842,667.969,
11.833,625.000,
11.833,639.648,
12.823,663.086,
13.814,611.328,
13.814,609.375,
14.803,648.438,
15.854,660.156,
15.854,613.281,
16.827,628.906,
17.817,648.438,
17.817,664.063,
18.898,621.094,
18.898,605.469,
19.887,629.883,
20.879,657.227,
20.879,658.203,
21.822,678.711,
22.812,661.133,
23.803,636.719,
23.803,690.430,
24.853,725.586,
25.827,677.734,
25.827,696.289,
26.818,715.820,
27.808,715.820,
27.808,647.461,
28.842,647.461,
29.832,673.828,
29.832,661.133,
30.823,607.422,
31.813,640.625,
31.813,692.383,
32.802,664.063,
33.837,628.906,
33.837,688.477,
34.918,690.430,
35.819,636.719,
35.819,655.273,
36.809,676.758,
36.809,652.344,
37.843,617.188,
38.834,650.391,
38.834,658.203,
39.823,634.766,
40.813,668.945,
40.813,701.172,
41.803,654.297,
42.837,666.016,
42.837,693.359,
43.829,674.805,
44.818,633.789,
44.818,670.898,
45.853,678.711,
46.842,645.508,
46.842,651.367,
47.857,676.758,
48.822,653.320,
48.822,631.836,
49.813,676.758,
50.802,682.617,
50.802,633.789,
51.837,675.781,
52.827,692.383,
52.827,652.344,
53.817,641.602,
54.852,666.992,
54.852,668.945,
55.843,629.883,
56.855,659.180,
56.855,699.219,
57.824,680.664,
58.812,645.508,
58.812,674.805,
59.803,676.758,
60.837,680.664,
60.837,621.094,
61.828,624.023,
61.828,625.977,
62.816,604.492,
63.853,600.586,
63.853,601.563,
64.842,591.797,
64.842,566.406,
65.847,559.570,
66.823,571.289,
66.823,596.680,
67.813,635.742,
67.813,611.328,
68.803,605.469,
69.884,634.766,
69.884,652.344,
70.873,623.047,
71.822,615.234,
71.822,652.344,
72.808,671.875,
73.842,630.859,
73.842,648.438,
74.833,675.781,
74.833,646.484,
75.822,614.258,
76.812,629.883,
76.812,652.344,
77.803,653.320,
78.836,618.164,
78.836,653.320,
79.827,681.641,
80.818,677.734,
80.818,627.930,
81.806,636.719,
82.841,641.602,
82.841,620.117,
83.832,603.516,
84.822,629.883,
84.822,652.344,
85.812,629.883,
85.812,625.977,
86.802,665.039,
87.837,668.945,
87.837,625.977,
88.826,624.023,
89.817,636.719,
89.817,636.719,
90.806,613.281,
90.806,615.234,
91.842,635.742,
92.833,616.211,
92.833,620.117,
93.823,650.391,
94.813,668.945,
94.813,678.711,
95.801,624.023,
95.801,604.492,
96.836,584.961,
97.843,582.031,
97.843,578.125,
98.817,571.289,
99.807,584.961,
99.807,630.859,
100.842,670.898,
100.842,632.813,
101.832,648.438,
102.821,680.664,
102.821,673.828,
103.811,628.906,
104.801,645.508,
104.801,667.969,
105.837,664.063,
106.849,627.930,
106.849,636.719,
107.817,652.344,
108.806,647.461,
108.806,622.070,
109.841,643.555,
110.831,673.828,
110.831,650.391,
111.821,633.789,
112.812,663.086,
112.812,678.711,
113.847,640.625,
113.847,639.648,
114.881,657.227,
115.827,643.555,
115.827,617.188,
116.817,628.906,
117.807,651.367,
117.807,691.406,
118.887,690.430,
119.877,630.859,
119.877,641.602,
120.866,648.438,
121.811,648.438,
121.811,611.328,
122.801,626.953,
122.801,641.602,
123.836,628.906,
124.826,616.211,
124.826,646.484,
125.815,681.641,
126.806,654.297,
126.806,654.297,
127.841,674.805,
128.832,684.570,
128.832,642.578,
129.821,637.695,
130.811,641.602,
130.811,623.047,
131.802,612.305,
131.802,630.859,
132.836,631.836,
133.826,612.305,
133.826,597.656,
134.816,596.680,
134.816,581.055,
135.805,595.703,
136.840,595.703,
136.840,577.148,
137.831,583.008,
137.831,603.516,
138.837,624.023,
139.811,606.445,
139.811,591.797,
140.800,610.352,
140.800,635.742,
141.835,632.813,
142.825,613.281,
142.825,628.906,
143.815,660.156,
144.806,668.945,
144.806,625.000,
145.842,645.508,
146.832,659.180,
146.832,656.250,
147.839,618.164,
148.811,636.719,
148.811,647.461,
149.801,635.742,
150.881,623.047,
150.881,657.227,
151.825,669.922,
151.825,618.164,
152.815,599.609,
153.807,617.188,
153.807,646.484,
154.841,645.508,
155.831,614.258,
155.831,627.930,
156.820,642.578,
156.820,647.461,
157.811,614.258,
158.800,638.672,
158.800,658.203,
159.836,649.414,
160.825,622.070,
160.825,644.531,
161.815,656.250,
162.805,654.297,
162.805,622.070,
163.842,635.742,
164.830,660.156,
164.830,673.828,
165.820,640.625,
166.811,656.250,
166.811,660.156,
167.800,636.719,
167.800,608.398,
168.880,619.141,
169.870,621.094,
169.870,607.422,
170.860,620.117,
170.860,622.070,
171.850,610.352,
172.840,626.953,
172.840,641.602,
173.830,642.578,
173.830,609.375,
174.820,594.727,
175.855,579.102,
175.855,565.430,
176.800,562.500,
176.800,566.406,
177.880,563.477,
178.825,559.570,
178.825,583.984,
179.817,627.930,
179.817,670.898,
180.805,642.578,
181.841,627.930,
182.920,683.594,
182.920,708.984,
183.820,671.875,
184.810,644.531,
184.810,666.016,
185.800,684.570,
185.800,645.508,
186.835,621.094,
187.827,651.367,
187.827,674.805,
188.832,659.180,
189.805,632.813,
189.805,663.086,
190.840,678.711,
191.830,640.625,
191.830,609.375,
192.820,643.555,
193.811,657.227,
193.811,611.328,
194.800,591.797,
194.800,607.422,
195.835,636.719,
196.825,662.109,
196.825,667.969,
197.815,677.734,
198.805,652.344,
198.805,624.023,
199.840,617.188,
199.840,606.445,
200.830,597.656,
201.819,575.195,
201.819,567.383,
202.810,559.570,
202.810,560.547,
203.801,570.313,
203.801,577.148,
204.835,578.125,
205.825,574.219,
205.825,551.758,
206.815,550.781,
206.815,552.734,
207.805,561.523,
207.805,575.195,
208.840,591.797,
209.875,596.680,
209.875,596.680,
210.820,579.102,
210.820,573.242,
211.809,568.359,
211.809,574.219,
212.845,583.008,
213.834,583.984,
213.834,583.008,
214.826,572.266,
214.826,559.570,
215.831,561.523,
215.831,551.758,
216.805,545.898,
217.840,557.617,
217.840,551.758,
218.875,559.570,
218.875,573.242,
219.865,608.398,
220.809,643.555,
220.809,660.156,
221.801,662.109,
221.801,619.141,
222.835,600.586,
223.825,581.055,
223.825,571.289,
224.814,565.430,
224.814,561.523,
225.810,547.852,
225.810,543.945,
226.839,546.875,
227.830,570.313,
227.830,601.563,
228.820,598.633,
228.820,585.938,
229.855,619.141,
230.800,642.578,
230.800,625.977,
231.925,611.328,
232.824,629.883,
232.824,640.625,
233.904,607.422,
233.904,610.352,
234.805,613.281,
235.840,623.047,
235.840,612.305,
236.830,593.750,
236.830,609.375,
237.826,623.047,
238.854,628.906,
238.854,625.977,
239.803,589.844,
239.803,582.031,
240.834,572.266,
241.824,583.984,
241.824,607.422,
242.859,638.672,
243.804,645.508,
243.804,663.086,
244.839,660.156,
245.829,620.117,
245.829,619.141,
246.864,625.000,
246.864,629.883,
247.809,619.141,
248.799,598.633,Event 1
248.799,603.516,Event 1
249.834,620.117,
250.824,646.484,
250.824,665.039,
251.814,658.203,
251.814,623.047,
252.804,622.070,
253.839,625.977,
253.839,626.953,
254.829,611.328,
255.820,612.305,
255.820,637.695,
256.827,665.039,
257.799,645.508,
257.799,663.086,
258.834,690.430,
258.834,679.688,
259.824,655.273,
260.814,606.445,
260.814,598.633,
261.804,609.375,
262.838,633.789,
262.838,630.859,
263.838,611.328,
264.819,647.461,
264.819,682.617,
265.818,673.828,
266.799,694.336,
266.799,712.891,
267.834,734.375,
268.869,689.453,
268.869,650.391,
269.859,645.508,
270.803,647.461,
270.803,662.109,
271.838,673.828,
272.828,646.484,
272.828,621.094,
273.863,632.813,
274.814,671.875,
274.814,702.148,
275.799,705.078,
276.834,668.945,
276.834,643.555,
277.824,655.273,
278.813,654.297,
278.813,615.234,
279.806,610.352,
279.806,624.023,
280.839,631.836,
281.830,610.352,
281.830,612.305,
282.818,645.508,
283.809,655.273,
283.809,646.484,
284.811,611.328,
284.811,634.766,
285.835,656.250,
286.823,627.930,
286.823,620.117,
287.813,649.414,
288.803,662.109,
288.803,627.930,
289.839,637.695,
290.828,664.063,
290.828,695.313,
291.818,694.336,
292.810,689.453,
292.810,694.336,
293.798,692.383,
294.833,639.648,
294.833,619.141,
295.824,615.234,
295.824,586.914,
296.814,568.359,
297.803,562.500,
297.803,582.031,
298.838,598.633,
298.838,584.961,
299.829,623.047,
300.818,674.805,
300.818,663.086,
301.808,652.344,
302.799,685.547,
302.799,681.641,
303.833,628.906,
304.823,607.422,
304.823,609.375,
305.813,587.891,
305.813,577.148,
306.819,607.422,
307.838,652.344,
307.838,618.164,
308.828,633.789,
309.820,688.477,
309.820,755.859,
310.809,701.172,
311.802,686.523,
312.833,699.219,
312.833,688.477,
313.823,643.555,
313.823,631.836,
314.813,624.023,
315.810,598.633,
315.810,596.680,
316.838,608.398,
317.873,607.422,
317.873,681.641,
318.863,723.633,
319.852,749.023,
319.852,676.758,
320.798,623.047,
321.833,626.953,
321.833,629.883,
322.822,605.469,
322.822,590.820,
323.815,600.586,
323.815,607.422,
324.811,588.867,
325.838,585.938,
325.838,612.305,
326.829,640.625,
327.817,635.742,
327.817,628.906,
328.852,656.250,
329.798,669.922,
329.798,627.930,
330.878,608.398,
330.878,625.000,
331.852,625.977,
332.812,596.680,
332.812,595.703,
333.803,601.563,
333.803,613.281,
334.837,602.539,
335.828,614.258,
335.828,657.227,
336.817,689.453,
337.808,663.086,
337.808,656.250,
338.798,666.992,
339.832,655.273,
339.832,611.328,
340.867,590.820,
340.867,592.773,
341.813,604.492,
342.803,618.164,
342.803,620.117,
343.837,637.695,
344.828,670.898,
344.828,694.336,
345.817,653.320,
346.807,624.023,
346.807,638.672,
347.805,641.602,
348.832,617.188,
348.832,617.188,
349.822,638.672,
349.822,647.461,
350.812,624.023,
351.849,616.211,
351.849,631.836,
352.837,634.766,
352.837,606.445,
353.827,600.586,
354.817,609.375,
354.817,619.141,
355.807,606.445,
356.811,613.281,
356.811,633.789,
357.832,642.578,
357.832,609.375,
358.823,599.609,
359.812,590.820,
359.812,570.313,
360.802,553.711,
360.802,548.828,
361.837,540.039,
361.837,537.109,
362.827,548.828,
362.827,571.289,
363.817,584.961,
364.807,575.195,
364.807,621.094,
365.805,664.063,
366.831,684.570,
366.831,643.555,
367.866,646.484,
368.857,669.922,
368.857,648.438,
369.846,610.352,
369.846,614.258,
370.837,621.094,
371.827,609.375,
371.827,607.422,
372.817,628.906,
373.806,651.367,
373.806,642.578,
374.797,633.789,
375.832,662.109,
375.832,679.688,
376.822,650.391,
377.812,631.836,
377.812,644.531,
378.801,649.414,
378.801,628.906,
379.836,628.906,
380.826,639.648,
380.826,639.648,
381.816,625.977,
382.897,626.953,
382.897,627.930,
383.842,599.609,
383.842,587.891,
384.832,604.492,
385.821,602.539,
385.821,583.008,
386.811,581.055,
386.811,561.523,
387.801,563.477,
387.801,578.125,
388.837,574.219,
389.827,575.195,
389.827,595.703,
390.817,614.258,
390.817,597.656,
391.807,586.914,
392.810,609.375,
392.810,629.883,
393.831,620.117,
394.821,616.211,
394.821,632.813,
395.947,654.297,
395.947,643.555,
396.801,658.203,
397.837,679.688,
397.837,675.781,
398.826,642.578,
399.816,648.438,
399.816,656.250,
400.805,639.648,
401.795,618.164,
401.795,628.906,
402.831,625.000,
403.820,602.539,
403.820,621.094,
404.835,646.484,
404.835,658.203,
405.801,628.906,
406.880,654.297,
406.880,665.039,
407.825,644.531,
408.815,632.813,
408.815,643.555,
409.805,645.508,
410.795,620.117,
410.795,623.047,
411.831,646.484,
411.831,644.531,
412.820,620.117,
413.811,628.906,
413.811,645.508,
414.800,654.297,
415.843,631.836,
415.843,620.117,
416.825,638.672,
417.861,637.695,
417.861,615.234,
418.850,630.859,
418.850,662.109,
419.795,673.828,
420.830,639.648,
420.830,643.555,
421.866,662.109,
422.810,655.273,
422.810,626.953,
423.800,638.672,
424.879,644.531,
424.879,637.695,
425.825,604.492,
425.825,586.914,
426.814,583.008,
427.805,600.586,
427.805,622.070,
428.795,616.211,
428.795,600.586,
429.829,615.234,
430.820,637.695,
430.820,640.625,
431.809,621.094,
432.800,638.672,
432.800,654.297,
433.834,641.602,
434.824,621.094,
434.824,628.906,
435.815,635.742,
435.815,630.859,
436.805,617.188,
437.795,629.883,
437.795,643.555,
438.875,627.930,
439.820,629.883,
439.820,652.344,
440.809,663.086,
441.800,645.508,
441.800,643.555,
442.834,626.953,
442.834,602.539,
443.824,579.102,
444.814,569.336,
444.814,576.172,
445.805,602.539,
445.805,631.836,
446.794,625.000,
447.896,645.508,
447.896,683.594,
448.827,676.758,
449.810,627.930,
449.810,616.211,
450.799,616.211,
450.799,619.141,
451.834,617.188,
452.824,615.234,
452.824,625.000,
453.814,641.602,
454.804,651.367,
454.804,649.414,
455.794,606.445,
455.794,599.609,
456.828,609.375,
457.819,625.977,
457.819,615.234,
458.809,595.703,
459.799,603.516,
459.799,634.766,
460.834,650.391,
460.834,608.398,
461.823,576.172,
462.813,575.195,
462.813,571.289,
463.803,602.539,
463.803,642.578,
464.794,664.063,
465.829,645.508,
465.829,604.492,
466.820,583.008,
466.820,577.148,
467.853,569.336,
467.853,550.781,
468.844,548.828,
469.834,552.734,
469.834,567.383,
470.868,565.430,
470.868,565.430,
471.813,588.867,
472.848,605.469,
472.848,592.773,
473.794,574.219,
473.794,590.820,
474.828,609.375,
475.819,622.070,
475.819,603.516,
476.809,601.563,
476.809,619.141,
477.799,617.188,
478.833,605.469,
478.833,621.094,
479.822,642.578,
480.813,651.367,
480.813,632.813,
481.803,638.672,
481.803,642.578,
482.793,618.164,
483.832,626.953,
483.832,631.836,
484.818,600.586,
484.818,583.008,
485.808,608.398,
486.798,600.586,
486.798,590.820,
487.833,591.797,
487.833,610.352,
488.822,613.281,
489.812,593.750,
489.812,581.055,
490.802,592.773,
490.802,592.773,
491.793,575.195,
492.827,570.313,
492.827,576.172,
493.818,589.844,
493.818,614.258,
494.809,629.883,
495.797,637.695,
495.797,630.859,
496.832,630.859,
497.832,626.953,
497.832,612.305,
498.812,596.680,
498.812,591.797,
499.803,604.492,
500.792,629.883,
500.792,643.555,
501.828,631.836,
502.817,633.789,
502.817,666.992,
503.807,694.336,
504.797,682.617,
504.797,644.531,
505.832,626.953,
506.828,632.813,
506.828,640.625,
507.812,630.859,
507.812,605.469,
508.802,586.914,
509.837,590.820,
509.837,611.328,
510.827,635.742,
510.827,640.625,
511.818,619.141,
512.808,591.797,
512.808,594.727,
513.799,597.656,
513.799,600.586,
514.832,611.328,
515.822,613.281,
515.822,612.305,
516.859,606.445,
516.859,579.102,
517.847,562.500,
518.836,562.500,
518.836,574.219,
519.827,603.516,
519.827,614.258,
520.818,577.148,
520.818,578.125,
521.810,592.773,
522.797,627.930,
522.797,635.742,
523.832,595.703,
524.822,606.445,
524.822,618.164,
525.811,627.930,
525.811,637.695,
526.803,637.695,
527.837,628.906,
527.837,594.727,
528.827,572.266,
528.827,564.453,
529.867,569.336,
530.806,583.008,
530.806,578.125,
531.796,595.703,
531.796,648.438,
532.831,646.484,
533.821,634.766,
534.812,667.969,
534.812,715.820,
535.801,669.922,
536.792,653.320,
536.792,677.734,
537.826,683.594,
538.823,658.203,
538.823,661.133,
539.807,666.016,
539.807,666.016,
540.796,637.695,
541.831,642.578,
541.831,666.016,
542.822,651.367,
543.811,623.047,
543.811,607.422,
544.846,580.078,
544.846,580.078,
545.792,575.195,
546.826,570.313,
546.826,583.984,
547.826,605.469,
547.826,607.422,
548.806,607.422,
549.796,641.602,
549.796,662.109,
550.830,630.859,
551.822,619.141,
551.822,635.742,
552.811,646.484,
552.811,616.211,
553.801,610.352,
554.791,616.211,
554.791,624.023,
555.827,608.398,
556.816,609.375,
556.816,628.906,
557.805,643.555,
557.805,614.258,
558.795,627.930,
559.831,651.367,
559.831,635.742,
560.821,605.469,
561.811,610.352,
561.811,625.000,
562.800,627.930,
562.800,611.328,
563.791,598.633,
564.826,601.563,
564.826,613.281,
565.815,622.070,
565.815,628.906,
566.852,604.492,
567.840,586.914,
567.840,590.820,
568.830,599.609,
568.831,608.398,
569.820,600.586,
570.811,598.633,
570.811,614.258,
571.801,631.836,
571.801,611.328,
572.835,607.422,
573.825,625.977,
573.825,631.836,
574.815,629.883,
575.805,617.188,
575.805,589.844,
576.840,572.266,
576.840,573.242,
577.829,579.102,
577.829,574.219,
578.820,570.313,
579.817,597.656,
579.817,628.906,
580.889,622.070,
581.790,606.445,
581.790,622.070,
582.824,644.531,
582.824,638.672,
583.860,632.813,
584.804,649.414,
584.804,646.484,
585.794,648.438,
586.830,607.422,
586.830,593.750,
587.821,591.797,
587.821,602.539,
588.816,600.586,
588.816,581.055,
589.799,561.523,
590.834,566.406,
590.834,580.078,
591.824,598.633,
591.824,609.375,
592.813,582.031,
593.804,568.359,
593.804,590.820,
594.794,658.203,
595.829,682.617,
595.829,631.836,
596.818,623.047,
596.818,635.742,
597.817,614.258,
598.799,595.703,
598.799,570.313,
599.789,563.477,
599.789,558.594,
600.823,564.453,
600.823,566.406,
601.815,595.703,
602.804,617.188,
602.804,654.297,
603.794,643.555,
604.828,648.438,
604.828,680.664,
605.818,687.500,
606.817,681.641,
606.817,620.117,
607.798,601.563,
608.789,600.586,
608.789,612.305,
609.823,610.352,
609.823,581.055,
610.813,571.289,
611.804,590.820,
611.804,632.813,
612.793,648.438,
613.828,641.602,
613.828,701.172,
614.818,751.953,
615.809,716.797,
615.809,665.039,
616.844,698.242,
617.834,726.563,
617.834,680.664,
618.823,691.406,
619.813,692.383,
619.813,674.805,
620.813,635.742,
621.838,641.602,
622.827,680.664,
622.827,704.102,
623.818,678.711,
623.818,634.766,
624.808,640.625,
625.797,651.367,
625.797,645.508,
626.788,606.445,
627.823,599.609,
627.823,613.281,
628.813,634.766,
628.813,642.578,
629.811,642.578,
630.794,633.789,
630.794,632.813,
631.872,595.703,
631.872,585.938,
632.817,590.820,
633.808,621.094,
633.808,666.016,
634.843,651.367,
635.787,616.211,
635.787,625.000,
636.868,632.813,
636.868,599.609,
637.812,606.445,
638.802,598.633,
638.802,583.984,
639.837,590.820,
640.828,615.234,
640.828,646.484,
641.817,638.672,
641.817,605.469,
642.808,623.047,
643.797,636.719,
643.797,653.320,
644.787,622.070,
645.823,596.680,
645.823,598.633,
646.812,602.539,
646.812,580.078,
647.802,576.172,
647.802,587.891,
648.799,585.938,
649.826,586.914,
649.826,583.008,
650.816,584.961,
650.816,579.102,
651.806,563.477,
651.806,562.500,
652.797,554.688,
653.787,554.688,
653.787,568.359,
654.821,598.633,
654.821,625.977,
655.812,639.648,
656.802,638.672,
656.802,607.422,
657.793,582.031,
657.793,573.242,
658.827,551.758,
658.827,539.063,
659.817,538.086,
660.806,544.922,
660.806,569.336,
661.797,624.023,
662.786,696.289,
662.786,718.750,
663.822,724.609,
664.810,666.016,
664.810,669.922,
665.801,673.828,
666.837,691.406,
666.837,694.336,
667.826,666.016,
668.816,617.188,
668.816,623.047,
669.806,628.906,
670.801,640.625,
670.801,652.344,
671.830,609.375,
671.830,603.516,
672.820,609.375,
673.810,621.094,
673.810,621.094,
674.800,583.984,
674.800,570.313,
675.790,567.383,
675.790,559.570,
676.826,561.523,
677.815,554.688,
677.815,558.594,
678.806,580.078,
678.806,582.031,
679.795,578.125,
679.795,566.406,
680.785,558.594,
680.785,541.992,
681.865,533.203,
681.865,530.273,
682.809,523.438,
683.800,515.625,
683.800,509.766,
684.791,514.648,
684.791,527.344,
685.825,528.320,
685.825,528.320,
686.815,554.688,
687.805,607.422,
687.805,663.086,
688.794,708.984,
689.784,666.992,
689.784,627.930,
690.820,659.180,
691.809,697.266,
691.809,681.641,
692.800,665.039,
692.800,655.273,
693.834,609.375,
694.915,589.844,
694.915,597.656,
695.860,625.977,
696.806,624.023,
696.806,609.375,
697.795,638.672,
698.784,680.664,
698.784,648.438,
699.820,617.188,
699.820,646.484,
700.809,676.758,
701.845,641.602,
701.845,617.188,
702.789,638.672,
703.870,679.688,
703.870,667.969,
704.814,628.906,
705.804,626.953,
705.804,640.625,
706.794,613.281,
706.794,591.797,
707.784,602.539,
708.819,636.719,
708.819,663.086,
709.809,639.648,
710.799,674.805,
710.799,719.727,
711.789,679.688,
712.824,670.898,
712.824,682.617,
713.860,642.578,
714.804,621.094,
714.804,638.672,
715.805,625.000,
716.828,594.727,
716.828,606.445,
717.819,628.906,
717.819,631.836,
718.809,617.188,
719.799,632.813,
719.799,663.086,
720.789,675.781,
721.824,641.602,
721.824,639.648,
722.813,648.438,
723.804,645.508,
723.804,597.656,
724.793,597.656,
724.793,601.563,
725.783,580.078,
725.783,567.383,
726.908,576.172,
727.808,595.703,
727.808,598.633,
728.800,567.383,
728.800,556.641,
729.788,558.594,
730.868,577.148,
730.868,608.398,
731.858,600.586,
731.858,602.539,
732.803,627.930,
733.795,641.602,
733.795,621.094,
734.782,594.727,
734.782,604.492,
735.819,620.117,
736.808,593.750,
736.808,583.984,
737.798,602.539,
737.798,618.164,
738.795,609.375,
739.823,627.930,
739.823,672.852,
740.813,665.039,
741.802,641.602,
741.802,658.203,
742.792,632.813,
742.792,592.773,
743.783,592.773,
744.817,596.680,
744.817,579.102,
745.807,558.594,
745.807,566.406,
746.843,604.492,
747.798,661.133,
747.798,627.930,
748.869,660.156,
749.811,685.547,
749.811,696.289,
750.803,672.852,
751.791,622.070,
751.791,618.164,
752.781,627.930,
752.781,594.727,
753.817,578.125,
754.808,576.172,
754.808,557.617,
755.797,560.547,
755.797,586.914,
756.794,592.773,
757.822,594.727,
757.822,622.070,
758.856,658.203,
758.856,634.766,
759.801,593.750,
760.792,592.773,
760.792,613.281,
761.781,629.883,
762.818,631.836,
762.818,620.117,
763.807,620.117,
763.807,631.836,
764.800,630.859,
765.831,598.633,
765.831,606.445,
766.821,626.953,
766.821,626.953,
767.811,614.258,
768.846,633.789,
768.846,660.156,
769.791,625.977,
770.781,618.164,
770.781,648.438,
771.816,681.641,
772.805,677.734,
772.805,626.953,
773.797,629.883,
774.785,642.578,
774.785,642.578,
775.821,605.469,
775.821,596.680,
776.811,610.352,
777.801,605.469,
777.801,564.453,
778.792,545.898,
778.792,551.758,
779.780,562.500,
780.860,602.539,
780.860,659.180,
781.896,672.852,
781.896,677.734,
782.799,640.625,
783.785,613.281,
783.785,618.164,
784.820,613.281,
784.820,582.031,
785.810,583.984,
786.800,584.961,Event 2
786.800,585.938,Event 2
787.790,575.195,
787.790,573.242,
788.797,578.125,
789.815,592.773,
789.815,601.563,
790.804,601.563,
790.804,583.008,
791.794,598.633,
792.784,606.445,
793.820,614.258,
793.820,591.797,
794.809,1244.141,
794.809,541.016,
795.800,580.078,
796.789,564.453,
796.789,554.688,
797.798,545.898,
797.798,528.320,
798.815,525.391,
798.815,523.438,
799.804,535.156,
800.795,582.031,
800.795,641.602,
801.784,647.461,
802.819,720.703,
802.819,732.422,
803.809,684.570,
804.801,622.070,
804.801,599.609,
805.790,597.656,
805.790,594.727,
806.795,604.492,
806.795,581.055,
807.814,579.102,
808.804,580.078,
808.804,607.422,
809.795,629.883,
810.785,672.852,
810.785,695.313,
811.837,691.406,
812.810,633.789,
812.810,621.094,
813.799,622.070,
814.789,634.766,
814.789,640.625,
815.824,606.445,
815.824,604.492,
816.815,630.859,
817.804,654.297,
817.804,683.594,
818.803,692.383,
819.783,640.625,
819.783,636.719,
820.818,635.742,
821.810,622.070,
821.810,608.398,
822.801,626.953,
822.801,636.719,
823.788,623.047,
824.779,626.953,
824.779,661.133,
825.814,685.547,
826.804,655.273,
826.804,667.969,
827.794,675.781,
828.784,643.555,
828.784,627.930,
829.864,632.813,
829.864,613.281,
830.853,588.867,
831.798,596.680,
831.798,626.953,
832.790,631.836,
833.779,602.539,
833.779,631.836,
834.813,660.156,
835.803,628.906,
835.803,626.953,
836.799,641.602,
836.799,627.930,
837.784,610.352,
838.819,595.703,
838.819,596.680,
839.808,602.539,
839.808,607.422,
840.799,592.773,
841.789,598.633,
841.789,610.352,
842.777,634.766,
842.777,626.953,
843.902,618.164,
844.804,639.648,
844.804,615.234,
845.794,627.930,
846.783,661.133,
846.783,699.219,
847.818,673.828,
848.809,622.070,
848.809,621.094,
849.798,596.680,
849.798,592.773,
850.832,589.844,
851.778,617.188,
851.778,621.094,
852.859,653.320,
853.803,676.758,
853.803,697.266,
854.793,653.320,
855.783,637.695,
855.783,658.203,
856.817,670.898,
857.808,662.109,
857.808,611.328,
858.798,610.352,
858.798,621.094,
859.789,643.555,
860.779,630.859,
860.779,605.469,
861.813,627.930,
862.803,655.273,
862.803,644.531,
863.793,636.719,
864.782,658.203,
864.782,674.805,
865.817,632.813,
865.817,609.375,
866.807,620.117,
867.798,607.422,
867.798,584.961,
868.787,592.773,
868.787,608.398,
869.778,644.531,
870.812,613.281,
870.812,605.469,
871.802,631.836,
872.792,626.953,
872.792,605.469,
873.782,610.352,
873.782,621.094,
874.817,631.836,
875.808,607.422,
875.808,607.422,
876.797,629.883,
877.787,653.320,
877.787,678.711,
878.777,652.344,
879.869,659.180,
879.869,636.719,
880.847,611.328,
881.793,633.789,
881.793,654.297,
882.782,676.758,
882.782,674.805,
883.818,630.859,
884.807,649.414,
884.807,642.578,
885.798,603.516,
886.787,608.398,
886.787,599.609,
887.784,601.563,
887.784,615.234,
888.812,634.766,
889.802,651.367,
889.802,626.953,
890.792,604.492,
891.782,616.211,
891.782,633.789,
892.816,641.602,
892.816,612.305,
893.809,614.258,
894.797,629.883,
894.797,609.375,
895.788,594.727,
896.776,635.742,
896.776,694.336,
897.812,730.469,
898.802,686.523,
898.802,679.688,
899.791,703.125,
900.827,710.938,
900.827,660.156,
901.817,648.438,
902.853,652.344,
902.853,657.227,
903.797,654.297,
904.787,618.164,
904.787,630.859,
905.776,643.555,
906.815,633.789,
906.815,613.281,
907.847,631.836,
907.847,660.156,
908.793,654.297,
909.826,651.367,
909.826,670.898,
910.816,678.711,
911.806,668.945,
911.806,623.047,
912.841,606.445,
913.786,611.328,
913.786,619.141,
914.776,621.094,
914.776,599.609,
915.812,610.352,
916.801,635.742,
916.801,673.828,
917.791,713.867,
918.782,659.180,
918.782,647.461,
919.816,655.273,
920.806,629.883,
920.806,598.633,
921.795,582.031,
921.795,563.477,
922.786,565.430,
923.776,591.797,
923.776,599.609,
924.810,599.609,
925.801,662.109,
925.801,733.398,
926.791,757.813,
927.826,694.336,
927.826,702.148,
928.860,722.656,
929.851,648.438,
929.851,610.352,
930.840,599.609,
931.786,625.977,
932.776,716.797,
932.776,782.227,
933.816,813.477,
934.801,847.656,
935.791,848.633,
935.791,845.703,
936.780,736.328,
937.816,654.297,
937.816,643.555,
938.807,643.555,
939.795,622.070,
939.795,605.469,
940.786,628.906,
941.776,686.523,
942.811,750.977,
942.811,777.344,
943.801,719.727,
944.790,717.773,
944.790,737.305,
945.781,726.563,
946.815,672.852,
946.815,656.250,
947.805,656.250,
948.795,654.297,
948.795,609.375,
949.785,605.469,
949.785,576.172,
950.775,572.266,
950.775,591.797,
951.811,572.266,
952.800,584.961,
952.800,624.023,
953.790,675.781,
954.780,669.922,
954.780,665.039,
955.815,658.203,
956.805,671.875,
956.805,673.828,
957.795,641.602,
958.784,625.000,
958.784,619.141,
959.820,633.789,
960.823,644.531,
960.823,633.789,
961.801,617.188,
961.801,628.906,
962.794,647.461,
963.779,665.039,
963.779,639.648,
964.861,627.930,
965.817,632.813,
965.817,644.531,
966.795,647.461,
966.795,613.281,
967.785,585.938,
968.774,583.008,
968.774,587.891,
969.810,613.281,
970.799,626.953,
970.799,604.492,
971.789,620.117,
972.779,650.391,
972.779,680.664,
973.814,664.063,
973.814,632.813,
974.805,642.578,
975.795,658.203,
975.795,658.203,
976.785,639.648,
977.775,630.859,
977.775,648.438,
978.854,654.297,
979.857,646.484,
979.857,639.648,
980.834,670.898,
981.780,666.016,
981.780,636.719,
982.859,632.813,
983.804,656.250,
983.804,692.383,
984.794,651.367,
985.785,639.648,
985.785,655.273,
986.774,661.133,
987.809,642.578,
987.809,641.602,
988.804,675.781,
989.789,696.289,
989.789,663.086,
990.779,675.781,
991.813,707.031,
991.813,734.375,
992.799,674.805,
993.787,645.508,
993.787,663.086,
994.774,662.109,
995.763,634.766,
995.763,620.117,
996.795,650.391,
997.783,683.594,
997.783,664.063,
998.772,659.180,
999.759,689.453,
999.759,697.266,
1000.793,664.063,
1001.781,660.156,
1001.781,678.711,
1002.770,662.109,
1002.770,623.047,
1003.760,616.211,
1004.748,644.531,
1004.748,662.109,
1005.782,644.531,
1006.770,642.578,
1006.770,667.969,
1007.759,670.898,
1008.749,644.531,
1008.749,640.625,
1009.782,643.555,
1010.780,627.930,
1010.780,600.586,
1011.769,583.008,
1011.769,579.102,
1012.751,597.656,
1012.751,593.750,
1013.739,584.961,
1014.819,624.023,
1015.769,680.664,
1015.769,688.477,
1016.753,667.969,
1017.742,687.500,
1017.742,697.266,
1018.822,655.273,
1019.767,627.930,
1019.767,645.508,
1020.763,658.203,
1020.763,624.023,
1021.745,611.328,
1022.736,654.297,
1022.736,700.195,
1023.768,684.570,
1024.759,678.711,
1025.748,710.938,
1025.748,710.938,
1026.738,667.969,
1027.772,674.805,
1027.772,680.664,
1028.808,661.133,
1029.802,649.414,
1029.802,674.805,
1030.742,697.266,
1031.732,670.898,
1031.732,679.688,
1032.766,703.125,
1033.756,698.242,
1033.756,647.461,
1034.745,659.180,
1035.735,667.969,
1035.735,632.813,
1036.771,637.695,
1037.760,670.898,
1037.760,658.203,
1038.751,625.000,
1038.751,646.484,
1039.740,656.250,
1040.730,621.094,
1040.730,612.305,
1041.764,630.859,
1042.755,659.180,
1042.755,662.109,
1043.745,651.367,
1044.734,672.852,
1044.734,692.383,
1045.770,668.945,
1046.804,673.828,
1046.804,691.406,
1047.748,697.266,
1048.739,657.227,
1048.739,669.922,
1049.729,688.477,
1050.763,649.414,
1050.763,616.211,
1051.754,629.883,
1052.743,643.555,
1052.743,612.305,
1053.733,609.375,
1054.768,654.297,
1054.768,692.383,
1055.757,695.313,
1056.747,669.922,
1056.747,689.453,
1057.737,704.102,
1058.728,678.711,
1058.728,672.852,
1059.763,687.500,
1060.753,699.219,
1060.753,675.781,
1061.749,666.016,
1062.731,701.172,
1062.731,712.891,
1063.767,664.063,
1064.757,653.320,
1064.757,681.641,
1065.746,666.016,
1066.738,634.766,
1066.738,649.414,
1067.728,665.039,
1068.762,637.695,
1068.762,609.375,
1069.751,616.211,
1069.751,636.719,
1070.751,631.836,
1071.731,614.258,
1071.731,636.719,
1072.721,655.273,
1073.756,656.250,
1073.756,625.977,
1074.791,632.813,
1075.736,643.555,
1075.736,625.000,
1076.727,610.352,
1076.727,620.117,
1077.761,641.602,
1078.841,634.766,
1078.841,637.695,
1079.796,670.898,
1080.776,680.664,
1080.776,665.039,
1081.720,671.875,
1082.755,686.523,
1082.755,656.250,
1083.746,641.602,
1084.735,644.531,
1084.735,630.859,
1085.725,607.422,
1086.761,616.211,
1086.761,632.813,
1087.751,622.070,
1087.751,613.281,
1088.740,648.438,
1089.730,678.711,
1089.730,666.992,
1090.720,646.484,
1091.755,667.969,
1091.755,669.922,
1092.745,628.906,
1093.735,602.539,
1093.735,588.867,
1094.725,573.242,
1094.725,584.961,
1095.760,583.984,
1095.760,570.313,
1096.750,590.820,
1097.740,640.625,
1097.740,673.828,
1098.729,640.625,
1099.720,641.602,
1099.720,662.109,
1100.756,671.875,
1101.789,647.461,
1101.789,637.695,
1102.740,660.156,
1103.724,683.594,
1103.724,656.250,
1104.759,644.531,
1105.750,680.664,
1105.750,703.125,
1106.739,673.828,
1107.729,668.945,
1107.729,698.242,
1108.719,695.313,
1109.755,664.063,
1110.744,670.898,
1110.744,692.383,
1111.749,656.250,
1112.725,635.742,
1112.725,670.898,
1113.759,711.914,
1114.748,673.828,
1114.748,667.969,
1115.739,688.477,
1116.729,701.172,
1116.729,665.039,
1117.719,669.922,
1118.799,681.641,
1118.799,654.297,
1119.744,631.836,
1120.734,650.391,
1120.734,671.875,
1121.770,657.227,
1122.759,656.250,
1122.759,700.195,
1123.749,747.070,
1124.738,740.234,
1125.728,713.867,
1125.728,732.422,
1126.720,731.445,
1127.798,690.430,
1127.798,683.594,
1128.788,701.172,
1129.778,699.219,
1129.778,661.133,
1130.723,654.297,
1131.759,663.086,
1131.759,671.875,
1132.748,637.695,
1133.739,647.461,
1133.739,654.297,
1134.727,645.508,
1135.718,636.719,
1135.718,662.109,
1136.752,689.453,
1137.742,671.875,
1137.742,674.805,
1138.734,696.289,
1139.723,679.688,
1139.723,652.344,
1140.757,652.344,
1141.747,670.898,
1141.747,678.711,
1142.737,653.320,
1143.728,652.344,
1143.728,671.875,
1144.717,686.523,
1145.752,664.063,
1145.752,653.320,
1146.741,640.625,
1146.741,607.422,
1147.732,593.750,
1148.731,589.844,
1148.731,569.336,
1149.757,573.242,
1149.757,576.172,
1150.747,567.383,
1150.747,583.984,
1151.736,610.352,
1152.731,623.047,
1152.731,611.328,
1153.762,616.211,
1154.752,627.930,
1154.752,632.813,
1155.741,622.070,
1156.731,623.047,
1156.731,654.297,
1157.721,667.969,
1157.721,649.414,
1158.756,652.344,
1159.791,680.664,
1160.737,691.406,
1160.737,664.063,
1161.728,657.227,
1162.716,666.016,
1162.716,671.875,
1163.751,643.555,
1163.751,658.203,
1164.742,678.711,
1165.738,666.992,
1165.738,624.023,
1166.722,636.719,
1167.756,666.016,
1167.756,640.625,
1168.746,609.375,
1169.736,629.883,
1169.736,669.922,
1170.726,683.594,
1171.715,655.273,
1171.715,662.109,
1172.750,667.969,
1173.741,656.250,
1173.741,623.047,
1174.731,625.977,
1174.731,641.602,
1175.720,627.930,
1176.755,606.445,
1176.755,640.625,
1177.835,702.148,
1178.780,698.242,
1179.770,682.617,
1179.770,708.008,
1180.715,708.008,
1181.751,669.922,
1181.751,665.039,
1182.741,669.922,
1183.731,666.992,
1183.731,639.648,
1184.719,650.391,
1184.719,669.922,
1185.755,662.109,
1186.745,624.023,
1186.745,620.117,
1187.735,628.906,
1187.735,609.375,
1188.732,592.773,
1189.716,576.172,
1189.716,574.219,
1190.749,602.539,
1191.740,620.117,
1191.740,620.117,
1192.730,640.625,
1193.719,673.828,
1193.719,682.617,
1194.755,654.297,
1195.745,665.039,
1195.745,676.758,
1196.734,674.805,
1197.732,641.602,
1197.732,636.719,
1198.714,639.648,
1198.714,628.906,
1199.755,602.539,
1200.739,627.930,
1200.739,656.250,
1201.729,670.898,
1202.718,628.906,
1202.718,635.742,
1203.753,680.664,
1204.744,714.844,
1204.744,680.664,
1205.736,687.500,
1206.728,706.055,
1206.728,689.453,
1207.714,646.484,
1208.748,663.086,
1208.748,679.688,
1209.738,667.969,
1210.728,651.367,
1210.728,675.781,
1211.718,696.289,
1212.753,676.758,
1213.743,678.711,
1213.743,709.961,
1214.733,700.195,
1215.773,649.414,
1215.773,662.109,
1216.758,678.711,
1216.758,642.578,
1217.747,624.023,
1218.782,642.578,
1218.782,656.250,
1219.727,645.508,
1220.726,655.273,
1220.726,672.852,
1221.753,663.086,
1222.743,628.906,
1222.743,628.906,
1223.733,640.625,
1224.733,610.352,
1224.733,607.422,
1225.714,627.930,
1225.714,637.695,
1226.748,619.141,
1227.782,633.789,
1227.782,668.945,
1228.792,681.641,
1229.724,656.250,
1229.724,654.297,
1230.752,670.898,
1231.741,668.945,
1231.741,643.555,
1232.731,626.953,
1233.721,626.953,
1233.721,611.328,
1234.711,593.750,
1234.711,597.656,
1235.746,626.953,
1236.736,658.203,
1236.736,641.602,
1237.771,634.766,
1238.725,655.273,
1238.725,662.109,
1239.750,639.648,
1240.741,639.648,
1240.741,651.367,
1241.731,641.602,
1241.732,625.000,
1242.721,630.859,
1243.711,642.578,
1243.711,627.930,
1244.746,625.000,
1245.735,642.578,
1245.735,656.250,
1246.725,622.070,
1246.725,600.586,
1247.760,591.797,
1248.750,573.242,
1248.750,590.820,
1249.740,599.609,
1249.740,587.891,
1250.730,615.234,
1251.720,649.414,
1251.720,665.039,
1252.711,637.695,
1253.746,631.836,
1253.746,645.508,
1254.736,644.531,
1255.727,622.070,
1255.727,625.000,
1256.776,644.531,
1256.776,631.836,
1257.750,600.586,
1258.786,612.305,
1258.786,660.156,
1259.731,694.336,
1260.719,660.156,
1261.713,684.570,
1261.713,722.656,
1262.746,714.844,
1263.735,671.875,
1263.735,673.828,
1264.724,666.992,
1264.724,632.813,
1265.728,603.516,
1266.749,615.234,
1266.749,656.250,
1267.741,663.086,
1268.730,633.789,
1268.730,661.133,
1269.765,725.586,
1270.722,764.648,
1271.837,721.680,
1271.837,716.797,
1272.735,731.445,
1273.725,743.164,
1273.725,697.266,
1274.760,674.805,
1275.750,701.172,
1276.739,719.727,
1276.739,674.805,
1277.774,639.648,
1277.774,668.945,
1278.763,683.594,
1279.769,642.578,
1280.744,644.531,
1280.744,687.500,
1281.733,715.820,
1282.723,685.547,
1282.723,669.922,
1283.725,690.430,
1284.753,691.406,
1284.753,659.180,
1285.739,650.391,
1286.729,668.945,
1286.729,678.711,
1287.765,651.367,
1288.719,657.227,
1288.719,684.570,
1289.744,692.383,
1290.733,665.039,
1290.733,667.969,
1291.723,675.781,
1292.717,660.156,
1292.717,625.000,
1293.749,646.484,
1293.749,656.250,
1294.738,619.141,
1295.728,590.820,
1295.728,572.266,
1296.718,566.406,
1296.718,596.680,
1297.708,641.602,
1298.743,632.813,
1298.743,640.625,
1299.733,689.453,
1300.768,723.633,
1301.712,676.758,
1301.712,666.016,
1302.794,671.875,
1302.794,673.828,
1303.738,649.414,
1304.729,646.484,
1304.729,657.227,
1305.718,637.695,
1306.753,611.328,
1306.753,638.672,
1307.743,652.344,
1308.733,611.328,
1308.733,619.141,
1309.722,666.992,
1310.712,711.914,
1310.712,678.711,
1311.763,654.297,
1312.737,660.156,
1312.737,666.992,
1313.727,634.766,
1314.717,625.977,
1314.717,653.320,
1315.719,675.781,
1315.719,648.438,
1316.742,629.883,
1317.732,653.320,
1317.732,678.711,
1318.721,680.664,
1319.713,636.719,
1319.713,624.023,
1320.747,645.508,
1321.737,670.898,
1321.737,658.203,
1322.726,641.602,
1323.717,658.203,
1323.717,680.664,
1324.751,664.063,
1325.742,659.180,
1325.742,688.477,
1326.776,713.867,
1327.768,686.523,
1327.768,657.227,
1328.757,673.828,
1329.747,675.781,
1329.747,658.203,
1330.736,635.742,
1331.728,651.367,
1331.728,673.828,
1332.716,667.969,
1333.707,647.461,
1333.707,670.898,
1334.787,699.219,
1335.732,708.984,
1336.721,666.992,
1336.721,669.922,
1337.711,685.547,
1338.746,690.430,
1338.746,660.156,
1339.737,647.461,
1339.737,666.992,
1340.726,668.945,
1341.717,642.578,
1341.717,624.023,
1342.707,646.484,
1343.741,654.297,
1343.741,625.000,
1344.732,636.719,
1345.722,675.781,
1345.722,694.336,
1346.712,648.438,
1347.746,643.555,
1347.746,651.367,
1348.737,645.508,
1349.727,617.188,
1349.727,625.977,
1350.716,645.508,
1350.716,647.461,
1351.752,627.930,
1352.787,627.930,
1352.787,649.414,
1353.731,641.602,
1354.721,602.539,
1354.721,611.328,
1355.722,650.391,
1356.791,702.148,
1356.791,706.055,
1357.736,678.711,
1358.771,688.477,
1358.771,700.195,
1359.716,661.133,
1360.706,640.625,
1360.706,649.414,
1361.741,651.367,
1362.730,625.000,
1362.730,626.953,
1363.766,653.320,
1364.712,664.063,
1364.712,661.133,
1365.746,677.734,
1366.735,693.359,
1366.735,669.922,
1367.725,644.531,
1367.725,653.320,
1368.715,630.859,
1369.707,611.328,
1369.707,620.117,
1370.740,628.906,
1371.730,608.398,
1371.730,593.750,
1372.720,603.516,
1372.720,607.422,
1373.714,598.633,
1374.745,596.680,
1374.745,619.141,
1375.735,631.836,
1375.735,594.727,
1376.770,579.102,
1376.770,568.359,
1377.760,565.430,
1378.795,578.125,
1378.795,571.289,
1379.740,572.266,
1379.740,600.586,
1380.731,634.766,
1381.721,636.719,
1381.721,620.117,
1382.711,641.602,
1383.745,669.922,
1383.745,676.758,
1384.735,637.695,
1385.728,645.508,
1385.728,659.180,
1386.715,674.805,
1387.705,648.438,
1387.705,641.602,
1388.739,665.039,
1389.729,693.359,
1389.729,668.945,
1390.719,663.086,
1391.709,707.031,
1391.709,717.773,
1392.744,674.805,
1393.736,638.672,
1393.736,661.133,
1394.724,677.734,
1395.715,636.719,
1395.715,635.742,
1396.705,683.594,
1397.739,726.563,
1398.729,702.148,
1398.729,683.594,
1399.720,706.055,
1400.709,698.242,
1400.709,643.555,
1401.744,640.625,
1401.744,656.250,
1402.734,634.766,
1403.725,643.555,
1404.714,683.594,
1404.714,719.727,
1405.704,694.336,
1406.739,709.961,
1406.739,737.305,
1407.730,747.070,
1408.720,694.336,
1409.710,700.195,
1409.710,704.102,
1410.745,659.180,
1411.734,652.344,
1411.734,680.664,
1412.724,705.078,
1413.715,693.359,
1413.715,707.031,
1414.705,730.469,
1415.739,708.008,
1415.739,674.805,
1416.729,693.359,
1417.719,699.219,
1417.719,669.922,
1418.709,654.297,
1419.744,652.344,
1419.744,638.672,
1420.733,605.469,
1421.723,599.609,
1421.723,629.883,
1422.713,648.438,
1422.713,622.070,
1423.712,621.094,
1424.739,649.414,
1424.739,674.805,
1425.729,651.367,
1426.764,646.484,
1426.764,666.016,
1427.753,667.969,
1428.789,642.578,
1428.789,641.602,
1429.733,653.320,
1430.723,657.227,
1430.723,632.813,
1431.713,648.438,
1432.704,666.016,
1432.704,658.203,
1433.738,629.883,
1433.738,638.672,
1434.730,638.672,
1435.720,628.906,
1435.720,608.398,
1436.709,632.813,
1437.743,665.039,
1437.743,682.617,
1438.733,660.156,
1439.724,673.828,
1439.724,663.086,
1440.713,620.117,
1440.713,599.609,
1441.703,580.078,
1442.738,569.336,
1442.738,568.359,
1443.728,588.867,
1443.728,633.789,
1444.717,627.930,
1445.707,588.867,
1445.707,582.031,
1446.743,619.141,
1447.734,689.453,
1448.723,729.492,
1448.723,745.117,
1449.713,750.977,
1450.703,731.445,
1450.703,709.961,
1451.738,682.617,
1452.732,637.695,
1452.732,608.398,
1453.718,583.984,
1453.718,566.406,
1454.707,575.195,
1455.743,609.375,
1455.743,645.508,
1456.732,690.430,
1457.722,724.609,
1457.722,715.820,
1458.712,707.031,
1459.702,714.844,
1460.737,722.656,
1460.737,713.867,
1461.738,688.477,
1461.738,623.047,
1462.717,604.492,
1463.707,596.680,
1463.707,591.797,
1464.743,583.984,
1464.743,570.313,
1465.777,583.008,
1466.721,613.281,
1466.721,650.391,
1467.758,638.672,
1468.702,642.578,
1468.702,666.992,
1469.737,674.805,
1470.732,645.508,
1470.732,630.859,
1471.718,633.789,
1471.718,626.953,
1472.708,597.656,
1473.743,597.656,
1473.743,609.375,
1474.731,632.813,
1474.731,621.094,
1475.722,615.234,
1476.757,627.930,
1476.757,633.789,
1477.747,622.070,
1478.782,628.906,
1478.782,636.719,
1479.727,625.000,
1479.727,592.773,
1480.716,601.563,
1481.706,604.492,
1481.706,598.633,
1482.741,590.820,
1482.741,603.516,
1483.730,621.094,
1484.721,639.648,
1484.721,629.883,
1485.710,634.766,
1486.700,653.320,
1486.700,666.992,
1487.735,645.508,
1488.725,641.602,
1488.725,638.672,
1489.715,625.000,
1489.715,597.656,
1490.705,605.469,
1491.785,618.164,
1491.785,629.883,
1492.731,613.281,
1493.732,611.328,
1493.732,622.070,
1494.711,640.625,
1494.711,617.188,
1495.701,604.492,
1496.735,604.492,
1496.735,584.961,
1497.726,569.336,
1497.726,555.664,
1498.715,555.664,
1498.715,573.242,
1499.750,577.148,
1500.739,569.336,
1500.739,600.586,
1501.730,639.648,
1502.729,665.039,
1502.729,630.859,
1503.754,651.367,
1503.754,657.227,
1504.704,637.695,
1505.735,616.211,
1505.735,635.742,
1506.724,639.648,
1507.715,627.930,
1507.715,625.000,
1508.704,652.344,
1509.739,682.617,
1509.739,665.039,
1510.730,648.438,
1511.726,648.438,
1511.726,631.836,
1512.709,619.141,
1512.709,627.930,
1513.700,641.602,
1514.734,664.063,
1514.734,629.883,
1515.724,602.539,
1516.715,618.164,
1516.715,622.070,
1517.704,594.727,
1517.704,586.914,
1518.741,606.445,
1519.730,634.766,
1519.730,626.953,
1520.719,604.492,
1520.719,616.211,
1521.708,627.930,
1522.699,616.211,
1522.699,625.977,
1523.733,641.602,
1524.724,639.648,
1524.724,621.094,
1525.713,643.555,
1526.794,654.297,
1526.794,634.766,
1527.739,621.094,
1527.739,651.367,
1528.728,665.039,
1529.772,639.648,
1529.772,632.813,
1530.709,635.742,
1531.699,618.164,
1531.699,590.820,
1532.736,612.305,
1532.736,639.648,
1533.724,624.023,
1534.712,597.656,
1534.712,615.234,
1535.748,629.883,
1536.737,635.742,
1536.737,610.352,
1537.728,620.117,
1537.728,634.766,
1538.717,629.883,
1539.709,626.953,
1539.709,634.766,
1540.697,646.484,
1541.867,626.953,
1541.867,624.023,
1542.722,638.672,
1543.726,640.625,
1543.726,623.047,
1544.703,634.766,
1544.703,654.297,
1545.737,653.320,
1546.727,623.047,
1546.727,623.047,
1547.717,639.648,
1548.707,633.789,
1548.707,600.586,
1549.697,611.328,
1549.697,586.914,
1550.732,572.266,
1550.732,585.938,
1551.722,582.031,
1552.717,582.031,
1552.717,605.469,
1553.703,624.023,
1554.737,608.398,
1554.737,608.398,
1555.726,626.953,
1555.726,620.117,
1556.716,594.727,
1557.706,593.750,
1557.706,608.398,
1558.697,611.328,
1558.697,592.773,
1559.732,593.750,
1560.722,596.680,
1560.722,586.914,
1561.726,573.242,
1561.726,600.586,
1562.701,642.578,
1563.736,653.320,
1563.736,629.883,
1564.726,656.250,
1565.720,654.297,
1565.720,615.234,
1566.707,601.563,
1566.707,616.211,
1567.741,632.813,
1568.731,624.023,
1568.731,609.375,
1569.721,630.859,
1570.711,649.414,
1570.711,620.117,
1571.701,598.633,
1571.701,610.352,
1572.736,617.188,
1573.725,597.656,
1573.725,593.750,
1574.716,605.469,
1574.716,618.164,
1575.750,601.563,
1576.741,601.563,
1576.741,623.047,
1577.730,625.000,
1577.730,604.492,
1578.720,612.305,
1579.710,618.164,
1579.710,599.609,
1580.700,598.633,
1580.700,608.398,
1581.735,614.258,
1582.726,602.539,
1582.726,609.375,
1583.716,624.023,
1584.712,613.281,
1584.712,587.891,
1585.695,583.984,
1585.695,594.727,
1586.730,612.305,
1587.720,625.977,
1587.720,619.141,
1588.710,593.750,
1588.710,595.703,
1589.700,605.469,
1590.779,607.422,
1590.779,606.445,
1591.770,586.914,
1591.770,583.984,
1592.714,591.797,
1593.712,605.469,
1593.712,598.633,
1594.694,598.633,
1594.694,621.094,
1595.729,614.258,
1596.719,582.031,
1596.719,586.914,
1597.709,607.422,
1597.709,617.188,
1598.699,600.586,
1599.734,597.656,
1599.734,596.680,
1600.724,574.219,
1600.724,557.617,
1601.716,554.688,
1601.716,546.875,
1602.714,545.898,
1602.714,563.477,
1603.695,583.008,
1604.728,582.031,
1604.728,564.453,
1605.719,588.867,
1606.708,629.883,
1606.708,645.508,
1607.698,624.023,
1607.698,625.977,
1608.739,647.461,
1609.723,646.484,
1609.723,620.117,
1610.714,617.188,
1610.714,617.188,
1611.703,590.820,
1612.693,566.406,
1612.693,562.500,
1613.729,576.172,
1613.729,568.359,
1614.718,547.852,
1614.718,551.758,
1615.709,541.992,
1616.698,545.898,
1616.698,570.313,
1617.734,583.008,
1617.734,562.500,
1618.723,569.336,
1618.723,589.844,
1619.713,594.727,
1620.703,577.148,
1620.703,566.406,
1621.693,572.266,
1621.693,582.031,
1622.773,586.914,
1622.773,573.242,
1623.717,589.844,
1624.707,615.234,
1624.707,636.719,
1625.743,630.859,
1626.733,635.742,
1626.733,648.438,
1627.723,649.414,
1628.713,608.398,
1628.713,606.445,
1629.702,625.000,
1629.702,623.047,
1630.737,590.820,
1631.728,597.656,
1631.728,615.234,
1632.717,602.539,
1632.717,573.242,
1633.709,581.055,
1634.710,616.211,
1634.710,643.555,
1635.732,632.813,
1636.722,644.531,
1636.722,664.063,
1637.712,644.531,
1637.712,617.188,
1638.702,632.813,
1639.693,644.531,
1639.693,646.484,
1640.772,623.047,
1641.717,624.023,
1641.717,639.648,
1642.707,648.438,
1643.698,639.648,
1643.698,650.391,
1644.731,657.227,
1644.731,647.461,
1645.722,623.047,
1646.712,637.695,
1646.712,649.414,
1647.701,628.906,
1648.691,619.141,
1648.691,628.906,
1649.727,634.766,
1650.716,639.648,
1650.716,608.398,
1651.707,620.117,
1651.707,645.508,
1652.696,642.578,
1653.733,612.305,
1653.733,631.836,
1654.722,661.133,
1655.712,677.734,
1655.712,653.320,
1656.701,649.414,
1657.692,646.484,
1657.692,603.516,
1658.726,595.703,
1658.726,603.516,
1659.716,626.953,
1660.706,649.414,
1660.706,633.789,
1661.707,613.281,
1662.731,630.859,
1662.731,635.742,
1663.721,611.328,
1663.721,606.445,
1664.711,627.930,
1665.746,629.883,
1665.746,612.305,
1666.692,620.117,
1667.771,632.813,
1667.771,640.625,
1668.716,640.625,
1668.716,584.961,
1669.706,549.805,
1669.706,556.641,
1670.702,542.969,
1670.702,536.133,
1671.731,543.945,
1671.731,538.086,
1672.721,526.367,
1672.721,524.414,
1673.712,523.438,
1674.701,525.391,
1674.701,527.344,
1675.747,527.344,
1675.747,528.320,
1676.727,517.578,
1676.727,517.578,
1677.717,515.625,
1677.717,521.484,
1678.706,529.297,
1678.706,537.109,
1679.714,544.922,
1679.714,532.227,
1680.731,531.250,
1681.721,539.063,
1681.721,571.289,
1682.711,622.070,
1683.701,693.359,
1683.701,674.805,
1684.690,623.047,
1685.727,646.484,
1685.727,671.875,
